ok	👌|👍|✅
okay	👌|👍|✅
okey	👌|👍|✅
yes	👍|✅|😊
no	❌|🙅|👎
good	👍|😊|✅
bad	👎|😞|❌
great	🎉|👍|✨
perfect	💯|✨|👌
awesome	🤩|🎉|🔥
amazing	🤩|😲|✨
beautiful	😍|✨|🌸
cute	🥰|😊|💗
pretty	🌸|😍|✨
happy	😄|😊|🎉
sad	😢|😔|💔
angry	😠|😡|💢
tired	😪|😩|😮‍💨
sleepy	😴|🥱|😪
hungry	😋|🍽️|🍜
thirsty	🥤|💧
scared	😨|😰|😱
surprised	😮|😲|😱
worried	😟|😰
love	❤️|💕|😍
like	👍|❤️|😊
hate	💔|😡|👎
think	🤔|💭
know	💡|🧠
understand	💡|👌
thanks	🙏|😊
thank	🙏|😊
please	🙏|😊
sorry	🙏|😔
hi	👋|😊
hello	👋|😊|👋🏻
hey	👋|😊
bye	👋|😊
goodbye	👋|😊|🫡
goodnight	🌙|😴
morning	☀️|🌅
afternoon	🌤️|☕
evening	🌆|🌙
night	🌙|🌃
today	📅
tomorrow	📅|➡️
yesterday	📅|⬅️
now	🕐|⏰
later	⏳
soon	⏳|⏰
home	🏠|🏡
work	💼|💻
school	🏫|📚
friend	🤝|😊|🫂
family	👨‍👩‍👧|❤️|🏡
mom	👩|🌷|❤️
dad	👨|💪|❤️
baby	👶|🍼
cat	🐱|🐈
dog	🐶|🐕
bird	🐦|🕊️
fish	🐟|🐠
sun	☀️|🌞
moon	🌙|🌕
star	⭐|✨|🌟
sky	🌤️|☁️
cloud	☁️
rain	🌧️|☔
snow	❄️|⛄
wind	🌬️|💨
fire	🔥
water	💧|🥤
coffee	☕
tea	🍵
milk	🥛
juice	🧃|🥤
beer	🍺|🍻
wine	🍷
cake	🎂|🍰
pizza	🍕
burger	🍔
noodle	🍜|🍝
rice	🍚
bread	🍞|🥐
egg	🥚
apple	🍎|🍏
banana	🍌
orange	🍊
grape	🍇
phone	📱|📞
computer	💻|🖥️
book	📖|📚
money	💰|💵|💸
gift	🎁
flower	🌸|🌺|💐
rose	🌹|❤️
car	🚗|🚙
bus	🚌|🚏
train	🚄|🚂
plane	✈️|🛫
boat	⛵|🚢
bike	🚲
walk	🚶|👟
run	🏃|👟
swim	🏊|🌊
play	🎮|🎉
game	🎮|🕹️
music	🎵|🎶|🎧
sing	🎤|🎵
dance	💃|🕺
photo	📸|📷
video	📹|🎬
movie	🎬|🍿
tv	📺
bed	🛏️|🛌
door	🚪
key	🔑|🗝️
light	💡|🔦
clock	⏰|🕰️
watch	⌚|⏰
shirt	👕|👔
dress	👗
shoes	👟|👠
hat	🧢|🎩
cool	😎|👍
nice	👍|😊
wow	😮|🤩
lol	😂|🤣|😆
haha	😂|😆|🤣
hahaha	🤣|😂|😆
omg	😱|😲|🤯
brb	👋|⏳
ttyl	👋|😊
idk	🤷|❓
maybe	🤷|🤔
wait	⏳|🕐
hurry	🏃|⚡
slow	🐢|🐌
fast	⚡|🏃
big	🐘|🔥
small	🐜|🐭
hot	🔥|🥵|☀️
cold	🥶|❄️
new	🆕|✨
old	👴|📅
free	🎉|🆓|✨
busy	💼|😮‍💨|🏃
relax	😌|🧘|🍵
