# pinyin	emoji|emoji
# Pinyin composition → emoji candidates. Matched by longest suffix of the
# ASCII pinyin composition, tone-less. Exact key only.
# candidates when composition is active and emoji continuation is on.

# --- single syllable / 单音节 ---
hao	👌|👍
ai	❤️|😍
xiao	😄|😂
ku	😭|😢
xin	❤️|💕
qi	😡|⚡
mao	🐱
gou	🐶
hua	🌸
yu	🐟|🌧️
shan	⛰️
shui	💧|😴
huo	🔥
yue	🌙
tian	🌤️
di	🌍
cha	🍵
jiu	🍺
wan	🌙
zao	🌅
shou	👏|📱
jia	🏠
gong	💼
kan	👀
ting	👂
shuo	🗣️
xiang	💭
pao	🏃
zou	🚶
chi	🍚
he	☕
le	🎉
mei	🌹
da	👊
duo	🤲
shao	🔥
gei	🎁
na	🤲
fang	🏠
kai	🔓|🚗
guan	🚪|🔒
zhao	🔍
qian	💰
fen	💌
bei	🥤
ping	🍎
guo	🍎
cai	🥬
rou	🥩
tang	🍲
mian	🍜
fan	🍚
nai	🥛
bao	🍞|👶
dan	🥚
ji	🐔|✈️
ya	🦆
zhu	🐷
niao	🐦
chong	🐛
long	🐉
hu	🐯
xiong	🐻
shi	🦁
hou	🐵
wa	🐸
gui	🐢
hai	🌊
cao	🌿
mu	🌳
lin	🌲
jin	🥇
yin	🥈
tie	⚙️
guang	💡
dian	⚡
yun	☁️
xing	⭐
feng	🌬️
lei	⛈️
xue	❄️
bing	🧊
wu	🌫️
hong	🌈
yang	🐑|☀️
niu	👍|🐂
chuan	🚢
che	🚗
fei	✈️
qiu	⚽
qun	👗
yi	👕
xie	👟
jiao	🦶
yan	👁️
er	👂
kou	👄
sheng	🎂
ming	❤️
si	💀
bai	🤍
hei	⚫
lv	💚
lan	💙
zi	💜
cheng	🧡

# --- multi-syllable / 多音节 ---
haha	😂|🤣
haode	👌|😊
shoudao	👌|👍
meiwenti	👌|✅
ok	👌|👍
okey	👌|👍
kaixin	😄|🎉
gaoxing	😄|😊
kuaile	🎉|🥳
shengqi	😡|😤
nanguo	😢|💔
shangxin	😢|💔
ganga	😅|🙈
wuyu	🙄|😑
leilei	😩|😪
kun	😪|😴
shuijiao	😴|🛏️
chifan	🍚|🍽️
heshui	💧|🥤
gongzuo	💼|💻
xuexi	📚|✏️
yundong	🏃|💪
paobu	🏃|👟
lvyou	✈️|🗺️
jiayou	💪|🔥
xiexie	🙏|😊
duibuqi	🙏|😔
meiguanxi	😊|🤝
shengrikuaile	🎂|🎉
zaoshanghao	☀️|😊
wanan	🌙|😴
aixin	❤️|💕
aini	❤️|😍
xiangn	🥺
meili	✨|😍
keai	🥰|😊
bang	👍|💪
lihai	👍|👏
zan	👍|🔥
haochi	😋|🍜
haokan	😍|✨
haoting	🎵|👍
haowan	🎮|🎉
shengli	🏆|🎉
shibai	😞|💔
jiazhang	👨‍👩‍👧|❤️
pengyou	🤝|🫂
laopo	💕|👩
laogong	💕|👨
haizi	👶|🧒
baobao	👶|🍼
yijing	✅
keyi	👍|✅
keyima	❓
bucuo	👍|😊
budui	❌|🙅
zhidao	💡
buzhidao	🤷|❓
mingbai	💡|👌
xiangyao	🥺|💭
xuyao	🙏|📋
dengdai	⏳|🕐
likai	👋|🚪
huilai	🏠|👋
chufa	🚀|🏃
daoda	📍|🏁
kaishi	▶️|🚀
jieshu	🏁|🔚
wancheng	✅|🎉
