# surface	pinyin_plain	reason
# Emit-time TOP-1 claims for the same pinyin. The listed surface is raised
# just above the current peak so a variant, toponym, or junk row cannot
# outrank it. Do not list context-locked pairs (任务/人物, 老师/老实).
覆盖	fu gai	standard 覆盖 vs essay variant 复盖
计划	ji hua	tie-break 计划 vs 计画
复购	fu gou	commerce 复购 vs county 扶沟
慢炖	man dun	cooking 慢炖 vs name 曼顿
显著	xian zhu	common word missing essay, beaten by 先主
可逆	ke ni	real word vs junk 可你
下锅	xia guo	cooking 下锅 vs thuocl junk 夏过
干净	gan jing	t2s weight-loss vs 干警
上周	shang zhou	t2s weight-loss vs 商周
凶手	xiong shou	t2s weight-loss vs 雄兽
一周	yi zhou	t2s weight-loss vs 益州
干脆	gan cui	t2s weight-loss vs 甘脆
干燥	gan zao	t2s weight-loss vs 赶早
游客	you ke	t2s weight-loss vs 又可
周末	zhou mo	t2s weight-loss vs 周墨
游行	you xing	t2s weight-loss vs 有幸
游园	you yuan	t2s weight-loss vs 有缘
游戏	you xi	t2s weight-loss vs 有戏
旅游	lv you	t2s weight-loss vs 驴友
炖煮	dun zhu	t2s weight-loss vs 顿住
炖锅	dun guo	t2s weight-loss vs 蹲过
